sku_id,tier,shop,trust,title,variant,price_usd,in_stock,landed_eur_est_8box_bundle,market_ask_us,market_sold_us,market_sold_source,market_sold_checked_at,buy_below,watch_below,eu_ref_eur,status,restock,url,seen_at,match_score
PANINI_2023-24_PHOENIX_BLASTER,retail,ehcards,trusted,2023/24 Panini Phoenix Basketball 6-pack Blaster Box,,34.99,1,48.98,34.95,28.5,,,27.0,31.0,49.99,NO_GO,0,https://ehcards.com/products/2023-24-panini-phoenix-basketball-6-pack-blaster-box,2026-08-17T18:50:49+00:00,1.0
PANINI_2023-24_PHOENIX_BLASTER,retail,hiddengems,trusted,2023-24 Panini Phoenix Basketball Trading Cards Blaster Box,,19.99,0,33.47,34.95,28.5,,,27.0,31.0,49.99,,0,https://www.hiddengemscardshop.com/products/2023-24-panini-phoenix-basketball-trading-cards-blaster-box,2026-08-17T18:50:49+00:00,1.0
PANINI_2023-24_PHOENIX_BLASTER,retail,sportscardjunction,watch,2023-24 Panini Phoenix Basketball Blaster Box,,25.0,0,38.65,34.95,28.5,,,27.0,31.0,49.99,,0,https://sportscardjunction.com/products/2023-24-panini-phoenix-basketball-blaster-box,2026-08-17T18:50:49+00:00,1.0
PANINI_2023-24_PHOENIX_BLASTER,retail,cardiacs,watch,2023-24 Panini Phoenix Basketball Blaster Box,,29.95,0,43.77,34.95,28.5,,,27.0,31.0,49.99,,0,https://www.thecardiacs.com/products/2023-24-panini-phoenix-basketball-blaster-box,2026-08-17T18:50:49+00:00,1.0
PANINI_2023-24_PHOENIX_BLASTER,retail,bleecker,watch,2023-24 Panini Phoenix Basketball Blaster Box,,30.0,0,43.82,34.95,28.5,,,27.0,31.0,49.99,,0,https://bleeckertrading.com/products/2023-24-phoenix-basketball-blaster-box,2026-08-17T18:50:49+00:00,1.0
PANINI_2023-24_PHOENIX_BLASTER,retail,cbhobby,watch,2023-24 Panini Phoenix Basketball Blaster Box Box,Box,30.0,0,43.82,34.95,28.5,,,27.0,31.0,49.99,,0,https://cbhobby.com/products/2023-24-panini-phoenix-basketball-blaster-box,2026-08-17T18:50:49+00:00,1.0
PANINI_2023-24_PHOENIX_BLASTER,retail,awesome,trusted,2023-24 Panini Phoenix Basketball Blaster Box,,35.0,0,48.99,34.95,28.5,,,27.0,31.0,49.99,,0,https://theawesomecardshop.com/products/2023-24-panini-phoenix-basketball-blaster-box,2026-08-17T18:50:49+00:00,1.0
PANINI_2023-24_PHOENIX_BLASTER,retail,bleecker,watch,2023-24 Panini Phoenix Basketball Retail Blaster Box,,35.0,0,48.99,34.95,28.5,,,27.0,31.0,49.99,,0,https://bleeckertrading.com/products/2023-24-panini-phoenix-basketball-retail-blaster-box,2026-08-17T18:50:49+00:00,1.0
PANINI_2023-24_PREMIUM_STOCK_BLASTER,retail,ehcards,trusted,2023/24 Panini Premium Stock Basketball Blaster Box,,44.99,1,59.33,34.96,,,,30.0,35.0,,NO_GO,0,https://ehcards.com/products/2023-24-panini-premium-stock-basketball-blaster-box,2026-08-17T18:50:49+00:00,1.0
PANINI_2023-24_PREMIUM_STOCK_BLASTER,retail,hiddengems,trusted,2023-24 NBA Hoops Premium Stock Blaster Box,,20.0,0,33.48,34.96,,,,30.0,35.0,,,0,https://www.hiddengemscardshop.com/products/2023-24-nba-hoops-premium-stock-blaster-box,2026-08-17T18:50:49+00:00,1.0
PANINI_2023-24_PREMIUM_STOCK_BLASTER,retail,cardiacs,watch,2023-24 Panini Premium Stock Basketball Blaster Box,,29.95,0,43.77,34.96,,,,30.0,35.0,,,0,https://www.thecardiacs.com/products/2023-24-panini-premium-stock-basketball-blaster-box,2026-08-17T18:50:49+00:00,1.0
PANINI_2023-24_PREMIUM_STOCK_BLASTER,retail,worldchampion,watch,2023/24 Panini Premium Stock Basketball 6-Pack Blaster Box,,35.0,0,48.99,34.96,,,,30.0,35.0,,,0,https://www.worldchampionsportscards.org/products/2023-24-panini-premium-stock-basketball-6-pack-blaster-box,2026-08-17T18:50:49+00:00,1.0
PANINI_2023-24_PREMIUM_STOCK_BLASTER,retail,monmouth,watch,2023-24 Panini Premium Stock Basketball Blaster Box,,39.99,0,54.15,34.96,,,,30.0,35.0,,,0,https://monmouthcards.com/products/2023-24-panini-premium-stock-basketball-blaster-box,2026-08-17T18:50:49+00:00,1.0
PANINI_2023-24_PREMIUM_STOCK_MEGA,retail,hiddengems,trusted,2023-24 NBA Hoops Premium Stock Mega Box,,35.0,0,48.99,,,,,60.0,75.0,149.0,,0,https://www.hiddengemscardshop.com/products/2023-24-nba-hoops-premium-stock-mega-box,2026-08-17T18:50:49+00:00,1.0
PANINI_2023-24_PREMIUM_STOCK_MEGA,retail,monmouth,watch,2023-24 Panini Premium Stock Basketball Mega Box,,54.99,0,69.67,,,,,60.0,75.0,149.0,,0,https://monmouthcards.com/products/2023-24-panini-premium-stock-basketball-mega-box,2026-08-17T18:50:49+00:00,1.0
PANINI_2023-24_PREMIUM_STOCK_MEGA,retail,bleecker,watch,2023-24 Panini Premium Stock Basketball NBA Mega Box,,60.0,0,74.85,,,,,60.0,75.0,149.0,,0,https://bleeckertrading.com/products/2023-24-panini-premium-stock-nba-mega-box,2026-08-17T18:50:49+00:00,1.0
PANINI_2023-24_PRIZM_BLASTER,retail,awesome,trusted,2023-24 Panini Prizm  Basketball Blaster Box (Green Wave Prizm),,60.0,0,74.85,119.95,,,,60.0,80.0,150.0,,0,https://theawesomecardshop.com/products/2023-24-panini-prizm-basketball-blaster-green-wave-prizm,2026-08-17T18:50:49+00:00,1.0
PANINI_2023-24_PRIZM_BLASTER,retail,awesome,trusted,2023-24 Panini Prizm Basketball Blaster Box (Ice Prizms),,62.75,0,77.7,119.95,,,,60.0,80.0,150.0,,0,https://theawesomecardshop.com/products/2023-24-panini-prizm-basketball-6-pack-blaster-box-ice-prizms,2026-08-17T18:50:49+00:00,1.0
PANINI_2023-24_PRIZM_BLASTER,retail,columbia,trusted,2023-24 Panini Prizm Basketball 6-Pack Blaster Box (Ice Prizms!),,69.95,0,85.14,119.95,,,,60.0,80.0,150.0,,0,https://columbiasportscard.com/products/2023-24-panini-prizm-basketball-6-pack-hobby-blaster-box-green-wave-prizms,2026-08-17T18:50:49+00:00,1.0
PANINI_2023-24_PRIZM_BLASTER,retail,worldchampion,watch,2023/24 Panini Prizm Basketball 6-Pack Blaster Box (Ice Prizms),,70.0,0,85.2,119.95,,,,60.0,80.0,150.0,,0,https://www.worldchampionsportscards.org/products/2023-24-panini-prizm-basketball-6-pack-blaster-box-ice-prizms,2026-08-17T18:50:49+00:00,1.0
PANINI_2023-24_PRIZM_BLASTER,retail,bleecker,watch,2023-24 Panini Prizm Basketball Blaster Box (Ice Prizms),,80.0,0,95.54,119.95,,,,60.0,80.0,150.0,,0,https://bleeckertrading.com/products/2023-24-prizm-nba-basketball-sealed-blaster-box,2026-08-17T18:50:49+00:00,1.0
PANINI_2023-24_OPTIC_BLASTER,retail,ehcards,trusted,2023/24 Panini Donruss Optic Basketball 6-Pack Blaster Box,,59.99,1,74.84,,,,,40.0,45.0,,NO_GO,0,https://ehcards.com/products/2023-24-panini-donruss-optic-basketball-6-pack-blaster-box,2026-08-17T18:50:49+00:00,1.0
PANINI_2023-24_OPTIC_BLASTER,retail,hiddengems,trusted,2023-24 Donruss Optic Basketball blaster,,35.0,0,48.99,,,,,40.0,45.0,,,0,https://www.hiddengemscardshop.com/products/2023-24-donruss-optic-basketball-blaster,2026-08-17T18:50:49+00:00,1.0
PANINI_2023-24_OPTIC_BLASTER,retail,awesome,trusted,2023-24 Panini Donruss Optic Basketball Blaster Box (Glitter),,45.0,0,59.34,,,,,40.0,45.0,,,0,https://theawesomecardshop.com/products/2023-24-panini-donruss-optic-basketball-hobby-blaster-box,2026-08-17T18:50:49+00:00,1.0
PANINI_2023-24_OPTIC_BLASTER,retail,columbia,trusted,2023-24 Panini Donruss Optic Basketball 6-Pack Blaster Box (Glitter Parallels),,49.95,0,64.46,,,,,40.0,45.0,,,0,https://columbiasportscard.com/products/2023-24-panini-donruss-optic-basketball-6-pack-blaster-box-glitter-parallels,2026-08-17T18:50:49+00:00,1.0
PANINI_2023-24_OPTIC_BLASTER,retail,bleecker,watch,2023-24 Panini Donruss Optic Basketball Blaster Box,,50.0,0,64.51,,,,,40.0,45.0,,,0,https://bleeckertrading.com/products/2023-24-panini-donruss-optic-basketball-blaster-box,2026-08-17T18:50:49+00:00,1.0
PANINI_2023-24_OPTIC_MEGA,retail,rbicru7,trusted,"2023-24 Donruss Optic Basketball, Mega Box (Hyper Parallels)",,110.0,1,126.57,63.95,60.0,,,65.0,75.0,99.0,NO_GO,0,https://rbicru7.com/products/2023-24-donruss-optic-basketball-mega-box,2026-08-17T18:50:49+00:00,1.0
PANINI_2023-24_OPTIC_MEGA,retail,ehcards,trusted,2023/24 Panini Donruss Optic Basketball Mega Box (Hyper Pink),,59.99,0,74.84,63.95,60.0,,,65.0,75.0,99.0,,0,https://ehcards.com/products/2023-24-panini-donruss-optic-basketball-mega-box-hyper-pink,2026-08-17T18:50:49+00:00,1.0
PANINI_2023-24_OPTIC_MEGA,retail,worldchampion,watch,2023/24 Panini Donruss Optic Basketball Mega Box (Hyper Pink Prizms),,60.0,0,74.85,63.95,60.0,,,65.0,75.0,99.0,,0,https://www.worldchampionsportscards.org/products/2023-24-panini-donruss-optic-basketball-mega-box-hyper-pink-prizms,2026-08-17T18:50:49+00:00,1.0
PANINI_2023-24_OPTIC_MEGA,retail,worldchampion,watch,2023/24 Panini Donruss Optic Basketball Mega Box (Hyper Pink Prizms),,60.0,0,74.85,63.95,60.0,,,65.0,75.0,99.0,,0,https://www.worldchampionsportscards.org/products/2023-24-panini-donruss-optic-basketball-mega-box-hyper-pink-prizms-1,2026-08-17T18:50:49+00:00,1.0
PANINI_2023-24_OPTIC_MEGA,retail,columbia,trusted,2023-24 Panini Donruss Optic Basketball Mega Box (Hyper Pink Prizms),,64.99,0,80.01,63.95,60.0,,,65.0,75.0,99.0,,0,https://columbiasportscard.com/products/2023-24-panini-donruss-optic-basketball-mega-box-hyper-pink-prizms,2026-08-17T18:50:49+00:00,1.0
PANINI_2023-24_OPTIC_MEGA,retail,ballgame,watch,2023/24 Panini Donruss Optic Basketball Mega Box (Hyper Pink Prizms),,68.0,0,83.13,63.95,60.0,,,65.0,75.0,99.0,,0,https://theballgame.com/products/2023-24-panini-donruss-optic-basketball-mega-box-hyper-pink-prizms,2026-08-17T18:50:49+00:00,1.0
PANINI_2023-24_OPTIC_MEGA,retail,awesome,trusted,2023-24 Panini Donruss Optic Basketball Mega Box (Hyper Pink Prizms),,70.0,0,85.2,63.95,60.0,,,65.0,75.0,99.0,,0,https://theawesomecardshop.com/products/2023-24-panini-donruss-optic-basketball-mega-box-hyper-pink-prizms,2026-08-17T18:50:49+00:00,1.0
PANINI_2023-24_OPTIC_MEGA,retail,bleecker,watch,2023-24 Panini Donruss Optic Basketball Mega Box (Hyper Pink Prizms),,70.0,0,85.2,63.95,60.0,,,65.0,75.0,99.0,,0,https://bleeckertrading.com/products/2023-24-panini-donruss-optic-basketball-mega-box,2026-08-17T18:50:49+00:00,1.0
PANINI_2023-24_OPTIC_MEGA,retail,bleecker,watch,2023-24 Panini Donruss Optic Basketball Mega Box (Purple Shock),,80.0,0,95.54,63.95,60.0,,,65.0,75.0,99.0,,0,https://bleeckertrading.com/products/2023-24-panini-donruss-optic-basketball-mega-box-purple-shock,2026-08-17T18:50:49+00:00,1.0
PANINI_2023-24_OPTIC_MEGA,retail,bleecker,watch,2023-24 Panini Donruss Optic Basketball Mega Box (Hyper Green Prizms),,95.0,0,111.06,63.95,60.0,,,65.0,75.0,99.0,,0,https://bleeckertrading.com/products/2023-24-panini-donruss-optic-basketball-mega-box-hyper-green-prizms,2026-08-17T18:50:49+00:00,1.0
PANINI_2023-24_OPTIC_MEGA,retail,hiddengems,trusted,2023-24 Donruss Optic Basketball Mega Box Factory Sealed,,100.0,0,116.23,63.95,60.0,,,65.0,75.0,99.0,,0,https://www.hiddengemscardshop.com/products/2023-24-donruss-optic-basketball-mega-box-factory-sealed,2026-08-17T18:50:49+00:00,1.0
PANINI_2023-24_SELECT_BLASTER,retail,bleecker,watch,2023-24 Panini Select Fifa Blaster Box,,40.0,0,54.16,,,,,45.0,55.0,,,0,https://bleeckertrading.com/products/2023-24-panini-select-fifa-blaster-box,2026-08-17T18:50:49+00:00,0.97
PANINI_2023-24_SELECT_BLASTER,retail,bleecker,watch,2023-24 Select Basketball Blaster Box,,45.0,0,59.34,,,,,45.0,55.0,,,0,https://bleeckertrading.com/products/2023-24-select-basketball-sealed-blaster-box,2026-08-17T18:50:49+00:00,1.0
PANINI_2023-24_SELECT_BLASTER,retail,worldchampion,watch,2023-24 Panini Select Basketball 6-Pack Blaster Box,,45.0,0,59.34,,,,,45.0,55.0,,,0,https://www.worldchampionsportscards.org/products/2023-24-panini-select-basketball-6-pack-blaster-box,2026-08-17T18:50:49+00:00,1.0
PANINI_2023-24_SELECT_BLASTER,retail,ballgame,watch,2023/24 Panini Select Basketball 6-Pack Blaster Box (Flash Prizms),,48.0,0,62.44,,,,,45.0,55.0,,,0,https://theballgame.com/products/2023-24-panini-select-basketball-6-pack-blaster-box-flash-prizms,2026-08-17T18:50:49+00:00,1.0
PANINI_2023-24_SELECT_BLASTER,retail,awesome,trusted,2023-24 Panini Select Basketball Blaster Box (Flash Prizms),,49.75,0,64.25,,,,,45.0,55.0,,,0,https://theawesomecardshop.com/products/2023-24-panini-select-basketball-blaster-box-1,2026-08-17T18:50:49+00:00,1.0
PANINI_2023-24_SELECT_BLASTER,retail,columbia,trusted,2023/24 Panini Select Basketball 6-Pack Blaster Box (Flash Prizms),,49.95,0,64.46,,,,,45.0,55.0,,,0,https://columbiasportscard.com/products/2023-24-panini-select-basketball-6-pack-blaster-box-flash-prizms-1,2026-08-17T18:50:49+00:00,1.0
PANINI_2023-24_SELECT_MEGA,retail,rbicru7,trusted,"2023-24 Panini Select Basketball, Mega Box (BLUE & PINK CRACKED ICE)",,110.0,1,126.57,75.0,60.0,ebay_sold,2026-08-17,90.0,100.0,134.0,NO_GO,0,https://rbicru7.com/products/2023-24-panini-select-basketball-mega-box-releases-5-17,2026-08-17T18:50:49+00:00,1.0
PANINI_2023-24_SELECT_MEGA,retail,ballgame,watch,2023/24 Panini Select Basketball Mega Box (Blue Cracked Ice!),,75.0,0,90.37,75.0,60.0,ebay_sold,2026-08-17,90.0,100.0,134.0,,0,https://theballgame.com/products/2023-24-panini-select-basketball-mega-box-blue-cracked-ice,2026-08-17T18:50:49+00:00,1.0
PANINI_2023-24_SELECT_MEGA,retail,worldchampion,watch,2023-24 Panini Select Basketball Mega Box,,75.0,0,90.37,75.0,60.0,ebay_sold,2026-08-17,90.0,100.0,134.0,,0,https://www.worldchampionsportscards.org/products/2023-24-panini-select-basketball-mega-box,2026-08-17T18:50:49+00:00,1.0
PANINI_2023-24_SELECT_MEGA,retail,ballgame,watch,2023/24 Panini Select Basketball Mega Box (Blue/Pink Cracked Ice!),,80.0,0,95.54,75.0,60.0,ebay_sold,2026-08-17,90.0,100.0,134.0,,0,https://theballgame.com/products/2023-24-panini-select-basketball-mega-box-blue-pink-cracked-ice,2026-08-17T18:50:49+00:00,1.0
PANINI_2023-24_SELECT_MEGA,retail,bleecker,watch,2023-24 Select Basketball Mega Box,,90.0,0,105.88,75.0,60.0,ebay_sold,2026-08-17,90.0,100.0,134.0,,0,https://bleeckertrading.com/products/2023-24-select-basketball-sealed-mega-box,2026-08-17T18:50:49+00:00,1.0
PANINI_2023-24_SELECT_MEGA,retail,awesome,trusted,2023-24 Panini Select Basketball Mega Box (Green Shock Prizms ),,109.75,0,126.31,75.0,60.0,ebay_sold,2026-08-17,90.0,100.0,134.0,,0,https://theawesomecardshop.com/products/2023-24-panini-select-basketball-mega-box-green-shock-prizm,2026-08-17T18:50:49+00:00,1.0
PANINI_2023-24_MOSAIC_BLASTER,retail,rbicru7,trusted,"2023-24 Panini Mosaic Basketball Blaster, Box",,50.0,1,64.51,,,,,40.0,50.0,,WATCH,0,https://rbicru7.com/products/2023-24-panini-mosaic-basketball-blaster-box,2026-08-17T18:50:49+00:00,1.0
PANINI_2023-24_MOSAIC_BLASTER,retail,superior,watch,2023-24 Panini Mosaic Basketball 6-Pack Blaster Box,,105.0,1,121.4,,,,,40.0,50.0,,,0,https://superiorsportsinvestments.com/products/2023-24-panini-mosaic-basketball-6-pack-blaster-box,2026-08-17T18:50:49+00:00,1.0
PANINI_2023-24_MOSAIC_BLASTER,retail,hiddengems,trusted,2023-24 Panini NBA Mosaic Blaster Box,,19.99,0,33.47,,,,,40.0,50.0,,,0,https://www.hiddengemscardshop.com/products/2023-24-panini-nba-mosaic-blaster-box,2026-08-17T18:50:49+00:00,1.0
PANINI_2023-24_MOSAIC_BLASTER,retail,awesome,trusted,2023-24 Panini Mosaic Basketball Blaster Box,,34.0,0,47.96,,,,,40.0,50.0,,,0,https://theawesomecardshop.com/products/2023-24-panini-mosaic-basketball-blaster-box,2026-08-17T18:50:49+00:00,1.0
PANINI_2023-24_MOSAIC_BLASTER,retail,columbia,trusted,2023/24 Panini Mosaic Basketball 6-Pack Blaster Box,,39.95,0,54.11,,,,,40.0,50.0,,,0,https://columbiasportscard.com/products/2023-24-panini-mosaic-basketball-6-pack-blaster-box,2026-08-17T18:50:49+00:00,1.0
PANINI_2023-24_MOSAIC_BLASTER,retail,monmouth,watch,2023-24 Panini Mosaic Basketball Blaster Box,,39.99,0,54.15,,,,,40.0,50.0,,,0,https://monmouthcards.com/products/2024-panini-mosaic-basketball-blaster,2026-08-17T18:50:49+00:00,1.0
PANINI_2023-24_MOSAIC_BLASTER,retail,ehcards,trusted,2023/24 Panini Mosaic Basketball 6-pack Blaster Box,,49.99,0,64.5,,,,,40.0,50.0,,,0,https://ehcards.com/products/2023-24-panini-nba-mosaic-basketball-6-pack-blaster-box,2026-08-17T18:50:49+00:00,1.0
PANINI_2023-24_MOSAIC_MEGA,retail,rbicru7,trusted,"2023-24 Panini Mosaic Basketball Mega, Box (Reactive Blue & Pink Fluorescent Mosaics)",,100.0,1,116.23,,,,,70.0,80.0,,NO_GO,0,https://rbicru7.com/products/2023-24-panini-mosaic-basketball-mega-box,2026-08-17T18:50:49+00:00,1.0
PANINI_2023-24_MOSAIC_MEGA,retail,rbicru7,trusted,"2023-24 Panini Mosaic Basketball Target Mega, Box (Reactive Yellow & Green Fluorescent)",,100.0,1,116.23,,,,,70.0,80.0,,,0,https://rbicru7.com/products/2023-24-panini-mosaic-basketball-target-mega-box-reactive-yellow-green-fluorescent,2026-08-17T18:50:49+00:00,1.0
PANINI_2023-24_MOSAIC_MEGA,retail,bleecker,watch,2023-24 Mosaic Basketball NBA Mega Box,,80.0,0,95.54,,,,,70.0,80.0,,,0,https://bleeckertrading.com/products/2023-24-mosaic-basketball-nba-sealed-mega-box,2026-08-17T18:50:49+00:00,1.0
PANINI_2023-24_PRIZM_HANGER,retail,collectorstore,trusted,2023-24 Panini Prizm Basketball Hanger Box (Orange Ice Prizm),,99.99,1,116.22,,,,,25.0,40.0,,NO_GO,0,https://collectorstore.com/products/2023-24-panini-prizm-basketball-hanger-box-orange-ice-prizm,2026-08-17T18:50:49+00:00,1.0
PANINI_2023-24_PRIZM_HANGER,retail,superior,watch,2023-24 Panini Prizm Basketball Hanger Box,,110.0,1,126.57,,,,,25.0,40.0,,,0,https://superiorsportsinvestments.com/products/2023-24-panini-prizm-basketball-hanger-box,2026-08-17T18:50:49+00:00,1.0
PANINI_2023-24_PRIZM_HANGER,retail,bleecker,watch,2023-24 Panini Prizm Basketball Hanger Box (Ice Prizm),,50.0,0,64.51,,,,,25.0,40.0,,,0,https://bleeckertrading.com/products/2023-24-panini-prizm-basketball-sealed-hanger-box-ice-prizm,2026-08-17T18:50:49+00:00,1.0
PANINI_2023-24_COURT_KINGS_HOBBY,hobby,sportscardjunction,watch,2023-24 Panini Court Kings Basketball Hobby Box,,200.0,0,219.67,,,,,250.0,300.0,,,0,https://sportscardjunction.com/products/2023-24-panini-court-kings-basketball-hobby-box,2026-08-17T18:50:49+00:00,1.0
PANINI_2023-24_COURT_KINGS_HOBBY,hobby,columbia,trusted,2023-24 Panini Court Kings Basketball Hobby Box,,209.99,0,230.0,,,,,250.0,300.0,,,0,https://columbiasportscard.com/products/2023-24-panini-court-kings-basketball-hobby-box,2026-08-17T18:50:49+00:00,1.0
PANINI_2023-24_COURT_KINGS_HOBBY,hobby,bleecker,watch,2023-24 Panini Court Kings Basketball Hobby Box,,235.0,0,255.87,,,,,250.0,300.0,,,0,https://bleeckertrading.com/products/2023-2024-panini-court-kings-basketball-hobby-box,2026-08-17T18:50:49+00:00,1.0
PANINI_2023-24_COURT_KINGS_HOBBY,hobby,worldchampion,watch,2023-24 Panini Court Kings Basketball Hobby Box,,250.0,0,271.39,,,,,250.0,300.0,,,0,https://www.worldchampionsportscards.org/products/2023-24-panini-court-kings-basketball-hobby-box,2026-08-17T18:50:49+00:00,1.0
PANINI_2023-24_COURT_KINGS_HOBBY,hobby,awesome,trusted,2023-24 Panini Court Kings Basketball Hobby Box,,680.75,0,716.96,,,,,250.0,300.0,,,0,https://theawesomecardshop.com/products/2023panini-court-kings-basketball-hobby-boxsportscards,2026-08-17T18:50:49+00:00,1.0
PANINI_2023-24_REVOLUTION_HOBBY,hobby,sportscardjunction,watch,2023-24 Panini Revolution Basketball Hobby Box,,140.0,0,157.6,399.95,,,,275.0,320.0,,,0,https://sportscardjunction.com/products/2023-24-panini-revolution-basketball-hobby-box,2026-08-17T18:50:49+00:00,1.0
PANINI_2023-24_REVOLUTION_HOBBY,hobby,awesome,trusted,2023-24 Panini Revolution Basketball Hobby Box,,159.75,0,178.03,399.95,,,,275.0,320.0,,,0,https://theawesomecardshop.com/products/2023-24-panini-revolution-basketball-hobby-box-2,2026-08-17T18:50:49+00:00,1.0
PANINI_2023-24_REVOLUTION_HOBBY,hobby,worldchampion,watch,2023-24 Panini Revolution Basketball Hobby Box,,175.0,0,193.81,399.95,,,,275.0,320.0,,,0,https://www.worldchampionsportscards.org/products/2023-24-panini-revolution-basketball-hobby-box,2026-08-17T18:50:49+00:00,1.0
PANINI_2023-24_REVOLUTION_HOBBY,hobby,ballgame,watch,2023-24 Panini Revolution NBA Trading Card Hobby Box,,190.0,0,209.32,399.95,,,,275.0,320.0,,,0,https://theballgame.com/products/2023-24-panini-revolution-nba-trading-card-hobby-box,2026-08-17T18:50:49+00:00,1.0
PANINI_2023-24_REVOLUTION_HOBBY,hobby,monmouth,watch,2023-24 Panini Revolution Basketball Hobby Box,,199.99,0,219.66,399.95,,,,275.0,320.0,,,0,https://monmouthcards.com/products/2023-24-panini-revolutions-basketball-hobby-box,2026-08-17T18:50:49+00:00,1.0
PANINI_2023-24_OPTIC_HOBBY,hobby,awesome,trusted,2023-24 Panini Donruss Optic Basketball Hobby Box,,464.75,0,493.53,,,,,250.0,300.0,,,0,https://theawesomecardshop.com/products/2023-24-panini-donruss-optic-basketball-hobby-box,2026-08-17T18:50:49+00:00,1.0
PANINI_2023-24_OPTIC_HOBBY,hobby,monmouth,watch,2023-24 Panini Donruss Optic Basketball Hobby Box,,499.99,0,529.98,,,,,250.0,300.0,,,0,https://monmouthcards.com/products/2023-24-panini-donruss-optic-basketball-hobby-box,2026-08-17T18:50:49+00:00,1.0
PANINI_2023-24_OPTIC_HOBBY,hobby,sportscardjunction,watch,2023-24 Panini Donruss Optic Basketball Hobby Box,,500.0,0,529.99,,,,,250.0,300.0,,,0,https://sportscardjunction.com/products/2023-24-panini-donruss-optic-basketball-hobby-box,2026-08-17T18:50:49+00:00,1.0
PANINI_2023-24_OPTIC_HOBBY,hobby,columbia,trusted,2023-24 Panini Donruss Optic Basketball Hobby Box,,519.99,0,550.67,,,,,250.0,300.0,,,0,https://columbiasportscard.com/products/2023-24-panini-donruss-optic-nba-basketball-hobby-box-new-free-shipping-🔥🔥🔥,2026-08-17T18:50:49+00:00,1.0
PANINI_2023-24_OPTIC_HOBBY,hobby,ballgame,watch,2023/24 Panini Donruss Optic Basketball Hobby Box,,540.0,0,571.36,,,,,250.0,300.0,,,0,https://theballgame.com/products/2023-24-panini-donruss-optic-basketball-hobby-box,2026-08-17T18:50:49+00:00,1.0
PANINI_2023-24_OPTIC_HOBBY,hobby,worldchampion,watch,2023-24 Panini Donruss Optic Basketball Hobby Box,,550.0,0,581.71,,,,,250.0,300.0,,,0,https://www.worldchampionsportscards.org/products/2023-24-panini-donruss-optic-basketball-hobby-box,2026-08-17T18:50:49+00:00,1.0
PANINI_2023-24_OPTIC_HOBBY,hobby,bleecker,watch,2023-24 Panini Donruss Optic Basketball Hobby Box,,700.0,0,736.87,,,,,250.0,300.0,,,0,https://bleeckertrading.com/products/2023-24-panini-donruss-optic-basketball-hobby-sealed-box,2026-08-17T18:50:49+00:00,1.0
PANINI_2023-24_SELECT_HOBBY,hobby,ballgame,watch,2023/24 Panini Select Basketball Hobby Exclusive Blaster Box,,50.0,0,64.51,,,,,300.0,350.0,,,0,https://theballgame.com/products/2023-24-panini-select-basketball-hobby-exclusive-blaster-box,2026-08-17T18:50:49+00:00,1.0
PANINI_2023-24_SELECT_HOBBY,hobby,ballgame,watch,2023-24 Panini Select Basketball Hobby Exclusive MEGA BOX (GREEN SHOCK) Rare,,75.0,0,90.37,,,,,300.0,350.0,,,0,https://theballgame.com/products/2023-24-panini-select-basketball-hobby-exclusive-mega-box-green-shock-rare,2026-08-17T18:50:49+00:00,1.0
PANINI_2023-24_SELECT_HOBBY,hobby,awesome,trusted,2023-24 Panini Select Basketball Hobby Box,,534.0,0,565.16,,,,,300.0,350.0,,,0,https://theawesomecardshop.com/products/2023-24-panini-select-basketball-hobby-box,2026-08-17T18:50:49+00:00,1.0
PANINI_2023-24_SELECT_HOBBY,hobby,columbia,trusted,2023-24 Panini Select Basketball Hobby Box,,544.99,0,576.53,,,,,300.0,350.0,,,0,https://columbiasportscard.com/products/2023-24-panini-select-basketball-hobby-box,2026-08-17T18:50:49+00:00,1.0
PANINI_2023-24_SELECT_HOBBY,hobby,sportscardjunction,watch,2023-24 Panini Select Basketball Hobby Box,,565.0,0,597.22,,,,,300.0,350.0,,,0,https://sportscardjunction.com/products/pre-order-2023-24-panini-select-basketball-hobby-box,2026-08-17T18:50:49+00:00,1.0
PANINI_2023-24_SELECT_HOBBY,hobby,ballgame,watch,2023/24 Panini Select Basketball Hobby Box,,675.0,0,711.01,,,,,300.0,350.0,,,0,https://theballgame.com/products/2023-24-panini-select-basketball-hobby-box,2026-08-17T18:50:49+00:00,1.0
PANINI_2023-24_SELECT_HOBBY,hobby,worldchampion,watch,2023-24 Panini Select Basketball Hobby Box,,675.0,0,711.01,,,,,300.0,350.0,,,0,https://www.worldchampionsportscards.org/products/2023-24-panini-select-basketball-hobby-box,2026-08-17T18:50:49+00:00,1.0
PANINI_2023-24_SELECT_HOBBY,hobby,bleecker,watch,2023-24 Panini Select Basketball Hobby Box,,850.0,0,892.03,,,,,300.0,350.0,,,0,https://bleeckertrading.com/products/2023-24-select-basketball-hobby-box,2026-08-17T18:50:49+00:00,1.0
PANINI_2023-24_PRIZM_HOBBY,hobby,sportscardjunction,watch,2023-24 Panini Prizm NBA Basketball Hobby Box,,950.0,0,995.47,,,,,900.0,1000.0,,,0,https://sportscardjunction.com/products/pre-order-2023-24-panini-prizm-nba-basketball-hobby-box-releases-2-21-24,2026-08-17T18:50:49+00:00,1.0
PANINI_2023-24_PRIZM_HOBBY,hobby,columbia,trusted,2023-24 Panini Prizm Basketball Hobby Box,,1149.0,0,1201.31,,,,,900.0,1000.0,,,0,https://columbiasportscard.com/products/2023-24-panini-prizm-basketball-hobby-box,2026-08-17T18:50:49+00:00,1.0
PANINI_2023-24_PRIZM_HOBBY,hobby,ballgame,watch,2023/24 Panini Prizm Basketball Hobby Box,,1175.0,0,1228.21,,,,,900.0,1000.0,,,0,https://theballgame.com/products/2023-24-panini-prizm-basketball-hobby-box,2026-08-17T18:50:49+00:00,1.0
PANINI_2023-24_PRIZM_HOBBY,hobby,awesome,trusted,2023-24 Panini Prizm Basketball Hobby Box,,1275.0,0,1331.65,,,,,900.0,1000.0,,,0,https://theawesomecardshop.com/products/2023-24-panini-prizm-basketball-hobby-box-2,2026-08-17T18:50:49+00:00,1.0
PANINI_2023-24_PRIZM_HOBBY,hobby,worldchampion,watch,2023-24 Panini Prizm Basketball Hobby Box,,1400.0,0,1460.95,,,,,900.0,1000.0,,,0,https://www.worldchampionsportscards.org/products/2023-24-panini-prizm-basketball-hobby-box,2026-08-17T18:50:49+00:00,1.0
PANINI_2023-24_PRIZM_HOBBY,hobby,bleecker,watch,2023-24 Panini Prizm Basketball Hobby Box,,1500.0,0,1564.39,,,,,900.0,1000.0,,,0,https://bleeckertrading.com/products/2023-24-prizm-basketball-sealed-hobby-box,2026-08-17T18:50:49+00:00,1.0
PANINI_2023-24_CONTENDERS_HOBBY,hobby,rbicru7,trusted,"2023-24 Panini Contenders Basketball Hobby, Pack",,150.0,1,167.95,439.95,,,,350.0,400.0,,GO,0,https://rbicru7.com/products/2023-24-panini-contenders-basketball-hobby-pack-releases-6-19,2026-08-17T18:50:49+00:00,1.0
PANINI_2023-24_CONTENDERS_HOBBY,hobby,collectorstore,trusted,2023-24 Panini Contenders Basketball Hobby Box,,439.95,1,467.87,439.95,,,,350.0,400.0,,,0,https://collectorstore.com/products/2023-24-panini-contenders-basketball-hobby-box,2026-08-17T18:50:49+00:00,1.0
PANINI_2023-24_CONTENDERS_HOBBY,hobby,rbicru7,trusted,"2023-24 Panini Contenders Basketball Hobby, Box",,550.0,1,581.71,439.95,,,,350.0,400.0,,,0,https://rbicru7.com/products/2023-24-panini-contenders-basketball-hobby-box-releases-6-19,2026-08-17T18:50:49+00:00,1.0
PANINI_2023-24_CONTENDERS_HOBBY,hobby,columbia,trusted,2023-24 Panini Contenders Basketball Hobby Box,,324.99,0,348.96,439.95,,,,350.0,400.0,,,0,https://columbiasportscard.com/products/2023-24-panini-contenders-basketball-hobby-box,2026-08-17T18:50:49+00:00,1.0
PANINI_2023-24_CONTENDERS_HOBBY,hobby,sportscardjunction,watch,2023-24 Panini Contenders Basketball Hobby Box,,340.0,0,364.48,439.95,,,,350.0,400.0,,,0,https://sportscardjunction.com/products/2023-24-panini-contenders-basketball-hobby-box,2026-08-17T18:50:49+00:00,1.0
PANINI_2023-24_CONTENDERS_HOBBY,hobby,awesome,trusted,2023-24 Panini Contenders Basketball Hobby Box,,399.75,0,426.29,439.95,,,,350.0,400.0,,,0,https://theawesomecardshop.com/products/2023-24-panini-contenders-basketball-hobby-box,2026-08-17T18:50:49+00:00,1.0
PANINI_2023-24_CONTENDERS_HOBBY,hobby,worldchampion,watch,2023-24 Panini Contenders Basketball Hobby Box,,425.0,0,452.41,439.95,,,,350.0,400.0,,,0,https://www.worldchampionsportscards.org/products/2023-24-panini-contenders-basketball-hobby-box,2026-08-17T18:50:49+00:00,1.0
PANINI_2023-24_CONTENDERS_HOBBY,hobby,monmouth,watch,2023-24 Panini Contenders Basketball Hobby Box,,449.99,0,478.26,439.95,,,,350.0,400.0,,,0,https://monmouthcards.com/products/2023-24-panini-contenders-basketball-hobby-box,2026-08-17T18:50:49+00:00,1.0
PANINI_2023-24_CONTENDERS_HOBBY,hobby,bleecker,watch,2023-24 Panini Contenders Basketball Hobby Box,,500.0,0,529.99,439.95,,,,350.0,400.0,,,0,https://bleeckertrading.com/products/2023-24-panini-contenders-basketball-sealed-hobby-box,2026-08-17T18:50:49+00:00,1.0
